Gene,Cluster
ABCA1,2
ABCA3,1
ABCB1,13
ABCB4,8
ABCB8,8
ABCC1,2
ABCC2,1
ABCC3,14
ABCC4,0
ABCC6,1
ABCG1,8
ABCG2,8
ABCG4,8
ABCG5,6
ABCG8,6
ABL2,8
ACACA,8
ACAN,8
ACAT1,8
ACAT2,1
ACE,1
ACE2,9
ACHE,0
ACKR3,9
ACLY,1
ACOT7,1
ACP5,1
ACRV1,1
ACSL1,0
ACTA1,8
ACTA2,0
ACTC1,9
ACTG2,12
ACTN4,0
ADAM10,8
ADAM12,0
ADAM17,8
ADAM23,8
ADAMTS1,2
ADAMTS5,0
ADARB2,0
ADGRE5,8
ADH1A,1
ADIPOQ,4
ADIPOR1,10
ADIPOR2,3
ADM,8
ADORA1,8
ADRA2B,8
ADRB2,0
AFP,0
AGER,13
AGGF1,1
AGR2,1
AGT,2
AGTR1,1
AHR,3
AHRR,8
AIRE,5
AKAP12,2
AKR1C2,8
AKR1C3,0
AKT1,0
AKT2,0
ALAS2,8
ALB,12
ALDH1A1,0
ALDH1A2,8
ALDOA,4
ALDOB,8
ALK,1
ALOX12,8
ALOX15,1
ALOX5,2
ALPI,8
ALPL,1
AMH,1
AMHR2,9
ANAPC4,0
ANG,9
ANGPT1,9
ANGPT2,13
ANGPTL4,1
ANKRD1,0
ANPEP,8
ANXA8,14
APAF1,6
APC,13
APCS,8
APEX1,9
APH1A,8
APLNR,8
APOA5,1
APOB,2
APOBR,9
APOC3,1
APOD,0
APOE,1
APP,13
AR,13
AREG,9
ARF1,9
ARF6,8
ARG1,8
ARG2,8
ARHGEF1,8
ARL6IP5,8
ARNT,0
ARNTL,4
ASCL1,0
ASCL2,0
ASF1B,8
ASNS,2
ASPM,8
ASS1,8
ASXL1,8
ATF1,12
ATF2,9
ATF3,8
ATF4,4
ATF5,0
ATF7,12
ATG5,8
ATG7,1
ATM,8
ATP1B1,0
ATP2A2,4
ATP2A3,8
ATP2C1,8
ATP5F1A,1
ATP6V0A2,5
ATP6V0E1,1
ATXN2,5
AURKA,1
AVP,1
AXIN2,1
AXL,8
B2M,1
B4GALT1,8
B4GALT5,8
BAALC,8
BABAM2,0
BACE1,6
BACH1,1
BAD,8
BAG1,14
BAG3,3
BAK1,1
BAMBI,13
BAX,13
BBC3,1
BCAR1,8
BCAS3,8
BCL11A,2
BCL2,6
BCL2A1,8
BCL2L1,13
BCL2L11,9
BCL2L13,3
BCL3,13
BCL6,6
BDKRB2,8
BDNF,10
BECN1,8
BEST1,1
BEX2,8
BGLAP,2
BGN,8
BHLHE22,8
BHLHE40,1
BHLHE41,8
BHMT,9
BID,0
BIRC2,2
BIRC3,13
BIRC5,13
BLK,9
BLM,8
BLMH,1
BMI1,8
BMP2,2
BMP4,13
BMP7,9
BNIP3,8
BRCA1,6
BRCA2,0
BRD2,12
BRD3,12
BRD7,2
BRS3,8
BSG,8
BST2,1
BTG1,0
BTG2,6
BTRC,0
BUB1B,14
C1QTNF5,8
C4BPB,1
CA9,1
CABIN1,6
CALB1,1
CALD1,8
CAMP,9
CAPN10,1
CAPNS1,1
CARTPT,7
CASP1,8
CASP2,8
CASP3,8
CASP7,1
CASP8,13
CASP9,8
CASR,3
CAT,8
CAV1,14
CBFB,0
CBS,1
CCAR2,0
CCK,8
CCL11,8
CCL17,1
CCL19,1
CCL2,1
CCL20,8
CCL21,1
CCL22,8
CCL26,1
CCL3,8
CCL4,9
CCL5,1
CCNA1,14
CCNA2,0
CCNB1,13
CCNB2,9
CCNC,0
CCND1,6
CCND2,1
CCND3,1
CCNE1,6
CCNE2,5
CCNG2,8
CCR1,8
CCR2,8
CCR3,8
CCR4,8
CCR5,13
CCR6,8
CCR7,8
CD14,8
CD151,8
CD19,8
CD1D,6
CD2,8
CD22,8
CD24,0
CD247,9
CD2AP,8
CD33,9
CD34,2
CD36,2
CD38,8
CD3G,2
CD4,9
CD40,1
CD40LG,8
CD44,2
CD46,8
CD58,1
CD59,7
CD68,6
CD79A,4
CD80,13
CD82,1
CD83,8
CD86,8
CD8A,8
CD99,8
CDA,1
CDC20,0
CDC25A,6
CDC25B,8
CDC25C,8
CDC34,8
CDC42,8
CDC6,1
CDC73,9
CDCA7,8
CDH1,6
CDH17,1
CDH2,0
CDH3,0
CDH5,8
CDH6,0
CDK1,2
CDK2,0
CDK20,8
CDK4,13
CDK5R1,8
CDK6,6
CDKN1A,13
CDKN1B,8
CDKN1C,1
CDKN2A,2
CDKN2B,0
CDKN2C,0
CDKN3,8
CDO1,8
CDX2,6
CEACAM1,1
CEACAM5,1
CEBPA,0
CEBPB,1
CEBPE,8
CENPH,8
CERS2,1
CETP,2
CFB,1
CFH,0
CFI,8
CFLAR,6
CFTR,13
CGA,2
CGB5,2
CHAC1,1
CHEK1,6
CHEK2,13
CHGA,8
CHI3L1,1
CHRNE,8
CHST4,8
CHUK,2
CIAO1,9
CIITA,2
CIP2A,8
CISH,8
CITED2,2
CKM,1
CKS2,0
CLDN2,8
CLDN3,2
CLDN7,13
CLEC4C,8
CLEC4G,1
CLK3,0
CLU,0
CNMD,1
CNP,12
CNR1,1
CNTNAP2,4
COL10A1,2
COL11A1,0
COL11A2,8
COL1A1,1
COL1A2,6
COL2A1,6
COL4A4,1
COP1,9
CORO1C,1
COX7C,8
CPT1A,0
CPT1B,8
CR2,8
CRABP1,8
CRABP2,8
CREB1,1
CREBBP,9
CREM,8
CRH,0
CRHBP,8
CRHR1,8
CRLF1,1
CRP,8
CRY1,1
CRY2,1
CRYAB,8
CSF1,1
CSF2,8
CSF3R,1
CSNK1A1,11
CSRP1,8
CST5,1
CTCF,6
CTGF,2
CTLA4,1
CTNNB1,0
CTNNBIP1,8
CTPS1,8
CTSB,8
CTSD,1
CTSK,8
CTSL,8
CTSS,1
CXADR,0
CXCL1,13
CXCL10,1
CXCL12,8
CXCL14,8
CXCL5,8
CXCL8,2
CXCR1,1
CXCR2,8
CXCR3,1
CXCR4,13
CXCR5,8
CXXC5,8
CYBB,13
CYFIP2,8
CYLD,0
CYP11A1,13
CYP11B1,8
CYP11B2,6
CYP17A1,2
CYP19A1,0
CYP1A1,6
CYP1B1,8
CYP24A1,2
CYP27A1,8
CYP27B1,9
CYP2A6,1
CYP2B6,1
CYP2C19,0
CYP2C8,8
CYP2C9,2
CYP2D6,8
CYP2E1,8
CYP3A4,8
CYP7A1,0
CYP7B1,0
CYR61,8
DAB2,8
DACH1,0
DACT1,6
DACT2,6
DACT3,0
DAPK1,11
DAPK2,8
DBF4,1
DBH,1
DBP,14
DCBLD2,1
DCC,8
DCDC2,12
DCN,6
DCT,8
DDB1,2
DDB2,8
DDIT3,1
DDIT4,1
DDR2,1
DDX58,1
DEC1,1
DES,0
DGCR5,7
DGKG,10
DHCR24,8
DHFR,13
DICER1,1
DIRAS3,0
DKK1,0
DKK3,0
DKK4,9
DLG4,6
DLK1,1
DLL4,0
DLX5,0
DMPK,5
DNAJB4,8
DNAJC3,1
DNASE1,1
DNASE2,8
DNASE2B,12
DNM3,8
DNMT1,6
DNMT3A,1
DNMT3B,13
DOCK1,8
DR1,0
DRAM1,8
DROSHA,8
DSG4,0
DST,9
DUSP1,8
DUSP4,9
E2F1,0
E2F2,9
E2F3,6
E2F4,0
E2F6,2
E2F7,8
EAF2,0
EAPP,13
EBI3,1
EBNA1BP2,8
ECE1,8
ECM1,8
EDN1,13
EDNRB,8
EFNB3,8
EGFR,13
EGLN1,0
EGR1,6
EGR2,0
EIF2AK1,13
EIF2AK2,1
EIF3M,3
ELANE,1
ELAVL1,8
ELF4,8
ELK1,9
ELL,12
ELMO3,1
EMX2,13
ENG,8
ENO1,8
EOMES,0
EP300,8
EPAS1,2
EPB41L3,9
EPB41L4B,8
EPCAM,0
EPHA2,6
EPHB2,6
EPO,13
EPOR,2
EPSTI1,8
ERBB2,4
ERBB3,2
ERBB4,0
ERCC1,1
ERCC4,8
ERCC5,8
EREG,14
ERG,8
ERICD,0
ERO1A,8
ERP29,5
ERP44,2
ERVW-1,8
ESR1,6
ESR2,8
ESRRG,2
ETF1,9
ETS1,10
ETS2,11
ETV1,8
ETV2,1
ETV3,8
ETV4,8
ETV6,8
EXO1,9
EYA3,8
EZH2,2
EZR,8
F12,8
F2R,6
F9,1
FAAH,8
FABP2,1
FABP4,8
FABP5,0
FABP6,8
FABP7,1
FADD,1
FAF1,8
FAM57A,3
FANCA,8
FAP,2
FAS,2
FASLG,8
FASN,8
FBXO32,0
FCER1A,8
FCER2,2
FCGRT,9
FGB,0
FGF1,9
FGF19,1
FGF2,13
FGF21,1
FGF4,1
FGF8,8
FGFBP1,8
FGFR1,0
FGFR3,3
FGFR4,12
FGG,8
FHIT,9
FHL2,8
FHL5,1
FLG,8
FLI1,8
FLT1,8
FLT3,8
FLT4,8
FMO4,8
FMR1,1
FN1,8
FOS,2
FOSL1,8
FOXA2,1
FOXC1,0
FOXC2,0
FOXF1,1
FOXM1,1
FOXO1,0
FOXO3,6
FOXO4,0
FOXP1,8
FOXP3,13
FSHB,3
FSHR,0
FST,8
FTH1,14
FTH1P18,9
FURIN,8
FUS,9
FUT2,1
FUT3,8
FXR2,1
FXYD2,5
FZD1,8
G0S2,0
G6PD,9
GAD1,9
GADD45A,1
GALT,8
GAS2,0
GAST,1
GATA1,13
GATA2,0
GATA3,8
GATA4,2
GATA5,1
GATA6,0
GCG,11
GCGR,12
GCK,1
GCLC,13
GCM1,12
GCSAM,9
GDAP1,8
GDF15,1
GFAP,8
GFER,6
GFI1B,1
GH1,2
GH2,1
GHR,8
GJA1,8
GJA5,8
GJB1,6
GJD2,7
GK,8
GKN2,9
GLRA1,1
GML,8
GMPS,6
GNRH1,9
GNRH2,9
GP1BA,8
GP1BB,1
GP6,8
GP9,8
GPA33,8
GPNMB,8
GPX1,8
GREB1,2
GRHL1,9
GRHL2,0
GRIN1,7
GRIN2B,8
GRIP1,1
GRK2,8
GRPR,8
GSC,12
GSTA1,2
GSTM1,8
GSTP1,8
GTF2B,8
GUCA2B,0
GYPA,9
GYPB,1
H19,8
H2AFX,0
HAMP,1
HAP1,14
HAS2,9
HBA1,4
HBA2,4
HBD,8
HBE1,2
HBEGF,1
HBG1,9
HCFC1,8
HCN2,8
HCN4,8
HDAC1,0
HDAC2,8
HDAC4,8
HDAC7,9
HDAC8,1
HDAC9,11
HDC,0
HECA,0
HEMGN,0
HEPH,1
HES1,6
HES6,1
HEY1,8
HGF,13
HIC1,8
HIF1A,2
HINFP,8
HIPK2,8
HIST1H2AE,0
HIST2H4A,8
HLA-A,1
HLA-B,1
HLA-C,1
HLA-DMA,1
HLA-DMB,1
HLA-DOA,1
HLA-DOB,1
HLA-DRA,6
HLA-E,8
HLA-F,8
HLA-G,4
HLTF,8
HLX,0
HMGA1,8
HMGA2,0
HMGB1,1
HMGCR,1
HMOX1,1
HNF4A,0
HNRNPA1,8
HNRNPA2B1,2
HOXA10,4
HOXA4,0
HOXA7,3
HOXA9,13
HOXB1,1
HOXB13,9
HOXB4,1
HOXB8,12
HOXD9,12
HPGD,0
HPR,8
HPSE,8
HPSE2,8
HRAS,13
HRK,1
HSD11B2,6
HSD17B1,6
HSD17B11,1
HSD17B2,13
HSD17B6,0
HSD3B1,8
HSD3B2,8
HSF1,8
HSP90AA1,3
HSP90AB1,9
HSPA1A,8
HSPA4,8
HSPA5,0
HSPA8,8
HSPB1,8
HSPD1,0
HSPH1,8
HTR1A,0
HTRA2,8
HTT,8
HYAL1,1
HYOU1,8
IAPP,1
IBSP,4
ICAM1,13
ICAM3,0
ID1,0
ID2,13
ID3,8
ID4,9
IDE,1
IDO1,14
IDO2,14
IFI16,8
IFIT3,1
IFITM3,9
IFITM5,1
IFNA1,13
IFNA13,1
IFNA2,1
IFNAR1,8
IFNB1,1
IFNG,1
IFNGR1,0
IGF1,13
IGF1R,0
IGF2,13
IGF2BP1,8
IGF2R,1
IGFBP1,13
IGFBP3,6
IGFBP5,1
IGH,1
IGK,8
IKBKE,2
IL10,1
IL11,9
IL12A,8
IL12B,1
IL12RB2,0
IL13,11
IL15,8
IL17A,9
IL17C,8
IL18,8
IL1A,9
IL1B,13
IL1R1,1
IL1RN,8
IL2,6
IL21,8
IL23A,8
IL27,4
IL2RA,1
IL2RB,8
IL2RG,8
IL3,13
IL32,9
IL4,1
IL5,8
IL6,13
IL6R,0
IL7,8
ILK,0
ING1,1
ING4,1
INS,8
INSM1,1
INSR,13
IPO7,2
IRF1,1
IRF2,2
IRF3,0
IRF4,1
IRF5,8
IRF7,6
IRF8,6
IRF9,8
IRS2,1
ISL1,7
ISYNA1,8
ITGA2B,8
ITGA5,13
ITGA6,1
ITGAD,1
ITGAM,1
ITGAV,0
ITGAX,13
ITGB1,13
ITGB2,8
ITGB3,0
ITGB7,1
IVL,13
JAG1,13
JAK2,8
JUN,2
JUNB,13
JUND,9
KAT5,3
KCNN4,7
KCNQ2,10
KCNQ3,10
KDR,2
KHSRP,9
KIF2C,13
KIN,12
KIR3DL1,8
KISS1,1
KISS1R,8
KIT,2
KL,8
KLF1,8
KLF11,8
KLF12,0
KLF2,2
KLF4,0
KLF5,12
KLF6,1
KLF9,9
KLK3,6
KLK4,8
KLRK1,8
KPNA2,0
KPNB1,8
KRAS,8
KRT10,8
KRT13,8
KRT14,9
KRT16,8
KRT17,8
KRT19,8
KRT4,0
KRT5,8
KRT7,8
LAMA1,1
LAMA3,6
LAMB1,3
LAMTOR5,0
LATS2,9
LBP,9
LCK,8
LCN2,8
LCT,8
LDHA,8
LDLR,1
LEF1,13
LEFTY1,1
LEP,8
LGALS1,8
LGALS3,8
LGALS3BP,9
LGALS4,8
LHB,8
LHCGR,0
LHX3,8
LHX6,1
LILRB1,3
LILRB2,3
LILRB4,3
LIN28A,7
LIN28B,8
LIPE,8
LITAF,9
LMO2,2
LMTK2,8
LNPEP,1
LOR,13
LOX,0
LOXL4,8
LPAR2,0
LPL,8
LRBA,8
LRP1,9
LRP5,1
LRP8,9
LRRN3,0
LTA,9
LTBP1,9
LTBR,1
LTC4S,9
LXN,9
LY96,10
LYL1,8
MACC1,11
MACROD1,6
MAD1L1,9
MAD2L1,2
MADCAM1,0
MAFA,14
MAOA,3
MAOB,6
MAP1A,0
MAP1LC3A,8
MAP1LC3B,1
MAP2,0
MAP2K4,11
MAP3K5,8
MAP4,9
MAPK1,2
MAPK14,8
MAPK3,8
MAPK7,8
MAPK8,4
MAPKAPK3,1
MAT2A,8
MAT2B,8
MATN1,9
MAVS,1
MBD2,0
MBP,8
MC2R,1
MCAM,0
MCAT,1
MCL1,2
MCM10,2
MCM2,8
MCM3,8
MCM4,8
MCM5,8
MCM6,8
MCM7,6
MCM8,8
MCPH1,8
MDM2,6
MECOM,8
MEF2A,9
MEF2C,0
MEF2D,2
MEFV,8
MEIS1,8
MEOX2,0
MEP1A,1
MET,1
METAP2,1
MFN2,8
MGMT,0
MIA,8
MICA,13
MICB,1
MIF,13
MIP,1
MIR708,0
MITF,2
MKI67,10
MLH1,0
MME,2
MMP1,2
MMP10,2
MMP11,8
MMP12,8
MMP13,1
MMP14,8
MMP2,1
MMP28,9
MMP3,1
MMP7,8
MMP9,6
MMRN1,8
MNAT1,0
MPL,8
MPO,8
MRVI1,0
MS4A2,1
MSC,8
MSH2,8
MSH6,1
MSL1,14
MSLN,5
MSR1,8
MST1,0
MSX1,5
MT1E,0
MT1F,0
MT1G,8
MTA1,8
MTA3,0
MTF2,8
MTHFR,8
MTTP,2
MUC1,6
MUC2,1
MUC4,1
MUC5AC,2
MUC6,8
MVP,8
MX1,1
MXI1,0
MYB,6
MYBL2,8
MYC,6
MYCBP,1
MYCN,13
MYEF2,3
MYH10,9
MYH6,5
MYOCD,3
NAB2,1
NAMPT,8
NANOG,8
NAT1,8
NBN,8
NCAM1,1
NCF1,9
NCF2,1
NCOR1,1
NDC80,1
NDRG1,6
NDRG2,8
NDUFV1,8
NDUFV2,8
NEDD4,9
NEDD4L,5
NEFL,8
NEIL1,8
NES,8
NF1,2
NFAT5,11
NFATC1,1
NFE2,9
NFKB1,6
NFKB2,0
NFKBIA,13
NGF,9
NGFR,0
NKX2-1,11
NKX3-1,13
NLRC4,8
NLRP2,8
NME1,8
NME3,1
NMU,9
NOD1,9
NOD2,2
NOL7,8
NOLC1,8
NOS1,1
NOS2,1
NOS3,1
NOTCH1,2
NOTCH3,1
NOTUM,8
NOV,3
NOX1,9
NOX4,8
NOX5,8
NPAT,8
NPC1L1,1
NPPA,1
NPPB,3
NPSR1,14
NQO1,9
NR0B1,1
NR0B2,1
NR1D1,12
NR1H4,9
NR1I2,1
NR1I3,8
NR2E3,1
NR2F1,2
NR2F6,9
NR3C1,4
NR4A1,6
NR4A3,8
NR5A1,2
NR5A2,1
NRAS,0
NRCAM,1
NRF1,8
NRIP1,8
NRP1,7
NRXN1,8
NT5E,8
NTF3,5
NTRK1,0
NTRK3,8
NUCB1,1
NUPR1,1
OAS1,9
OCA2,1
OCLN,12
ODC1,13
OGG1,1
OLR1,5
OPRM1,8
OPTN,8
OSM,8
OTC,8
OXTR,8
P2RX4,9
P4HA1,1
PADI1,1
PAEP,8
PARG,9
PARP1,2
PAX2,9
PAX3,9
PAX5,8
PAX6,2
PBX1,1
PC,1
PCK1,8
PCK2,2
PCLAF,0
PCNA,2
PCSK1,1
PCSK2,8
PCSK6,2
PCSK9,1
PCYT1A,14
PDCD2,9
PDCD5,5
PDE5A,5
PDGFA,6
PDGFB,8
PDGFC,8
PDGFRA,8
PDGFRB,6
PDHX,12
PDIA2,8
PDIA6,9
PDK2,9
PDK4,6
PDLIM7,5
PDX1,14
PEA15,0
PEBP1,6
PENK,7
PER1,1
PER2,1
PER3,1
PERP,9
PF4,1
PFDN4,0
PFKP,2
PGA5,8
PGF,2
PGK1,8
PGR,13
PHB,9
PHGDH,2
PHLDA1,0
PHOX2A,1
PIAS3,2
PIGR,1
PIM1,8
PIP5K1C,0
PKM,9
PKP3,0
PLAC1,10
PLAT,2
PLAU,8
PLAUR,8
PLB1,12
PLD1,8
PLG,1
PLIN1,8
PLIN2,2
PLK1,2
PMAIP1,1
PML,1
PNRC2,9
PODXL,8
POLB,8
POLK,1
POMGNT1,0
PON1,1
PON2,8
POR,2
POSTN,9
POU1F1,8
POU2F1,8
POU3F2,0
POU4F2,7
POU5F1,1
PPARA,8
PPARD,2
PPARG,6
PPARGC1A,1
PPL,8
PPP1R13B,8
PPP2CA,8
PPP2R2B,13
PRAME,0
PRC1,9
PRDM1,13
PRDM2,8
PRDX3,1
PRDX5,13
PRF1,8
PRG2,2
PRKCA,8
PRKCE,9
PRL,1
PRM1,8
PRMT1,0
PRNP,1
PROC,14
PRODH,9
PROX1,13
PRSS50,8
PSEN1,8
PSG3,1
PSG5,1
PSG7,0
PSMB5,8
PSMB9,1
PSMC5,1
PTAFR,8
PTBP1,8
PTEN,6
PTGDR2,11
PTGDS,13
PTGER2,0
PTGES,8
PTGFR,0
PTGIR,8
PTGS1,1
PTGS2,13
PTH,9
PTHLH,8
PTMA,0
PTN,8
PTPA,0
PTPN13,8
PTPN6,13
PTTG1,2
PTTG1IP,8
PURA,5
PVR,2
RAB3A,1
RAC1,8
RAD51,0
RAD9A,8
RAP1A,0
RARA,13
RARB,1
RARG,9
RARRES1,8
RASGEF1B,8
RASGRP1,8
RASGRP3,7
RASSF1,13
RB1,13
RBBP8,0
RBL1,9
RBL2,2
RBM38,8
RBP3,10
RDX,7
RECK,2
RECQL4,13
REEP5,9
REG4,9
RELA,6
RELN,9
REN,9
REPS2,9
REST,0
RET,4
RETN,8
RETNLB,8
RFC3,8
RGN,9
RGS4,1
RHO,7
RHOA,8
RHOB,2
RHOC,8
RIPK2,8
RNASE2,8
RNASEL,8
RND3,1
RNF111,11
RNF144A,0
RNF7,0
RORA,8
ROS1,9
RPLP0,8
RPRM,9
RPS6KA3,8
RRAS2,0
RRM1,8
RRM2,8
RS1,1
RSF1,0
RSPO2,8
RTN3,1
RUNX1,0
RUNX1T1,1
RUNX2,0
RUNX3,2
RXFP2,8
S100A10,8
S100A11,8
S100A2,8
S100A4,1
S100A6,1
S100A9,1
S100B,8
S1PR1,8
SAA2,8
SALL2,8
SALL4,8
SAMD4A,1
SAT1,8
SATB1,0
SCARB1,8
SCARF1,14
SCD,8
SCD5,4
SCNN1A,5
SDC1,8
SDHB,0
SELE,10
SELP,8
SEPT7,0
SERBP1,4
SERPINA3,9
SERPINB1,8
SERPINB5,13
SERPINC1,6
SERPINE1,13
SERPINF1,2
SET,5
SETD2,8
SETDB1,0
SFN,8
SFRP1,2
SFTPB,8
SFTPC,1
SFTPD,1
SGK1,9
SHBG,8
SHH,8
SI,1
SIAH1,12
SIGIRR,8
SIGMAR1,1
SIRT1,13
SIRT2,0
SIRT6,8
SIVA1,8
SIX3,1
SKP2,6
SLC10A2,0
SLC15A1,1
SLC19A1,1
SLC19A3,8
SLC1A4,5
SLC20A1,8
SLC22A10,1
SLC22A2,1
SLC22A9,1
SLC25A27,8
SLC26A3,8
SLC26A4,1
SLC29A1,9
SLC2A1,2
SLC2A3,2
SLC2A4,2
SLC34A2,1
SLC39A8,8
SLC3A1,8
SLC46A1,1
SLC4A2,8
SLC5A1,9
SLC5A5,1
SLC5A8,8
SLC6A6,9
SLC7A1,5
SLC8A3,12
SLC9A1,9
SLC9A3,8
SLIT2,9
SMAD3,1
SMAD4,8
SMAD6,8
SMAD7,6
SMN1,2
SMO,12
SMPD1,8
SMUG1,1
SMYD1,0
SNAI1,6
SNAI2,0
SNAI3,8
SND1,8
SOCS1,8
SOCS2,1
SOCS3,4
SOD1,1
SOD2,1
SOST,0
SOX1,8
SOX10,0
SOX14,8
SOX18,13
SOX2,1
SOX3,9
SOX4,8
SOX7,8
SOX9,1
SP1,9
SP100,1
SP3,1
SPARC,8
SPAST,1
SPHK1,14
SPI1,6
SPINK4,8
SPN,8
SPP1,13
SPRR1B,1
SPRR2A,1
SQSTM1,8
SREBF1,8
SREBF2,0
SRF,9
SRPX,6
SRR,8
SRSF1,8
SRY,8
SSPN,0
SSTR1,0
SSTR2,9
ST3GAL1,8
ST3GAL3,8
ST3GAL4,8
ST3GAL5,8
STAR,13
STARD3,8
STARD4,1
STARD7,8
STAT1,7
STAT2,8
STAT3,9
STAT4,0
STAT5B,0
STAT6,0
STIM1,2
STK11,4
STK39,8
STMN1,2
STS,8
SULT1E1,8
SULT2A1,1
SUMO1,0
SUMO2,8
SURF1,8
SURF2,8
SYMPK,9
SYN1,8
SYP,1
SYTL4,5
TAC1,7
TAC3,8
TAF12,5
TAF1A,8
TAF7,8
TAGLN,1
TAP1,8
TBP,6
TBX18,0
TBX21,8
TBX3,0
TBXA2R,13
TBXAS1,6
TBXT,0
TCERG1,12
TCF3,5
TCF4,4
TCF7L2,9
TDG,5
TDGF1,1
TDRD1,2
TEK,8
TERF1,9
TERF2,8
TERT,2
TF,8
TFAP2A,8
TFAP4,8
TFDP1,0
TFF1,2
TFF2,9
TFF3,8
TFRC,2
TG,0
TGFA,8
TGFB1,1
TGFB2,8
TGFB3,2
TGFBR1,0
TGFBR2,6
TGFBR3,1
TGIF1,8
TGIF2,8
TH,1
THBD,2
THBS1,13
THBS2,11
THRSP,1
THY1,1
TIAL1,0
TICAM1,9
TIMP1,2
TIMP2,4
TIMP3,13
TJP1,2
TK1,1
TLR2,8
TLR3,6
TLR4,7
TLR7,8
TLR9,5
TLX2,1
TM4SF1,5
TMEM158,8
TMPO,8
TMPRSS2,8
TNC,8
TNF,13
TNFAIP3,13
TNFAIP6,8
TNFRSF10A,8
TNFRSF10B,2
TNFRSF11B,7
TNFRSF12A,4
TNFRSF13C,8
TNFRSF17,1
TNFRSF1B,8
TNFRSF21,1
TNFSF10,2
TNFSF11,13
TNFSF14,8
TNFSF4,12
TOMM70,13
TOP2A,8
TOP3A,1
TOPBP1,0
TP53,2
TP53BP2,8
TP53I3,8
TP53INP1,2
TP63,4
TP73,8
TPH1,2
TPH2,1
TPO,1
TPT1,1
TRA,8
TRAF1,1
TRAF2,2
TRAF6,1
TRAP,1
TRB,9
TRIB2,9
TRIB3,13
TRIM22,8
TRPM1,8
TSC1,0
TSC2,0
TSG101,8
TSHB,1
TSHR,0
TTK,0
TUBB3,7
TWIST1,2
TXN,8
TXN2,0
TXNIP,9
TYK2,9
TYMS,2
TYR,8
TYRP1,8
UBA7,9
UBE2C,8
UBE2D3,0
UBE2I,9
UBE2S,8
UCN,0
UCP1,0
UCP2,9
UGCG,8
UGDH,8
UGT1A1,1
UGT1A10,1
UGT1A4,8
UGT1A8,1
UGT1A9,8
UGT2B15,8
UGT2B17,1
UGT2B4,0
UGT2B7,8
UHRF1,2
UHRF1BP1,8
ULK1,8
UMOD,5
UPF3B,5
UPP1,8
USP21,13
USP7,9
UTRN,4
UXT,8
VAMP2,8
VCAM1,1
VCAN,8
VCP,1
VDR,13
VEGFA,2
VEGFB,8
VEGFC,1
VEGFD,8
VIM,1
VLDLR,2
VMP1,12
VSX2,5
VWF,1
WASF2,1
WASF3,8
WBP1,1
WDR5,1
WEE1,0
WIF1,9
WNT11,8
WNT2B,1
WNT3A,8
WNT4,9
WNT5A,8
WNT7B,8
WRN,6
WT1,1
WWOX,9
XBP1,6
XIAP,2
XPA,9
XPC,2
XPO1,2
XRCC1,8
YBX1,8
YES1,8
YY1,13
ZEB1,2
ZEB2,6
ZFHX3,8
ZFP36,8
ZFP42,1
ZNF148,5
ZNF175,8
ZNF217,8
ZNF268,0
ZNF652,14
